Workbook

Sheet Consultores
A1: Partipantes | B1: Mês | C1: Serviços Total | D1: Peças Total | E1: Total | F1: Ticket_Medio | G1: MB Peças
A2: Lucas Rezende de Oliveira | B2: 46235 | C2: 17565 | D2: 79042.5 | E2: =SUM(C2:D2) -> 96607.5 | F2: 2800 | G2: 0.3
A4: Partipantes | B4: Semana | C4: Meta_Serviços | D4: Meta_Peças | E4: Total | F4: Realizado_Serviços | G4: Realizado_Peças | H4: Total | I4: % Faturamento | J4: Ticket_Medio | K4: % Ticket | L4: MB Peças | M4: %MB Peças
A5: Lucas Rezende de Oliveira | B5: 01 à 08/08 | C5: =$C$2/22.5*6 -> 4684 | D5: =$D$2/22.5*6 -> 21078 | E5: =SUM(C5:D5) -> 25762 | F5: 5170.55 | G5: 24699.79 | H5: =SUM(F5:G5) -> 29870.34 | I5: =H5/E5 -> 1.1594729 | J5: 3733.79 | K5: =J5/$F$2 -> 1.3334964 | L5: 0.322 | M5: =L5/$G$2 -> 1.0733333
A7: Partipantes | B7: Semana | C7: Meta_Serviços | D7: Meta_Peças | E7: Total | F7: Realizado_Serviços | G7: Realizado_Peças | H7: Total | I7: % Faturamento | J7: Ticket_Medio | K7: % Ticket | L7: MB Peças | M7: %MB Peças
A8: Lucas Rezende de Oliveira | B8: 10 à 15/08 | C8: =$C$2/22.5*5.5 -> 4293.6667 | D8: =$D$2/22.5*5.5 -> 19321.5 | E8: =SUM(C8:D8) -> 23615.167 | F8: 533.15 | G8: 3123.9 | H8: =SUM(F8:G8) -> 3657.05 | I8: =H8/E8 -> 0.15486022 | J8: 1828.53 | K8: =J8/$F$2 -> 0.65304643 | L8: 0.3889 | M8: =L8/$G$2 -> 1.2963333
E9: Total
A10: Partipantes | B10: Semana | C10: Meta_Serviços | D10: Meta_Peças | F10: Realizado_Serviços | G10: Realizado_Peças | H10: Total | I10: % Faturamento | J10: Ticket_Medio | K10: % Ticket | L10: MB Peças | M10: %MB Peças
A11: Lucas Rezende de Oliveira | B11: 17 à 22/08 | C11: =$C$2/22.5*5.5 -> 4293.6667 | D11: =$D$2/22.5*5.5 -> 19321.5 | E11: =SUM(C11:D11) -> 23615.167 | F11: 2917.05 | G11: 27669.83 | H11: =SUM(F11:G11) -> 30586.88 | I11: =H11/E11 -> 1.2952219 | J11: 4369.55 | K11: =J11/$F$2 -> 1.5605536 | L11: 0.2623 | M11: =L11/$G$2 -> 0.87433333
A13: Partipantes | B13: Semana | C13: Meta_Serviços | D13: Meta_Peças | E13: Total | F13: Realizado_Serviços | G13: Realizado_Peças | H13: Total | I13: % Faturamento | J13: Ticket_Medio | K13: % Ticket | L13: MB Peças | M13: %MB Peças
A14: Lucas Rezende de Oliveira | B14: 24 à 31/08 | C14: =$C$2/22.5*5.5 -> 4293.6667 | D14: =$D$2/22.5*5.5 -> 19321.5 | E14: =SUM(C14:D14) -> 23615.167 | F14: 5567.3 | G14: 11018.13 | H14: =SUM(F14:G14) -> 16585.43 | I14: =H14/E14 -> 0.70232111 | J14: 1382.12 | K14: =J14/$F$2 -> 0.49361429 | L14: 0.2247 | M14: =L14/$G$2 -> 0.749
A16: Partipantes | B16: Mês | C16: Meta_Serviços | D16: Meta_Peças | E16: Total | F16: Realizado_Serviços | G16: Realizado_Peças | H16: Total | I16: % Faturamento | J16: Ticket_Medio | K16: % Ticket | L16: MB Peças | M16: %MB Peças
A17: Lucas Rezende de Oliveira | B17: 46235 | C17: =+C5+C8+C11+C14 -> 17565 | D17: =+D5+D8+D11+D14 -> 79042.5 | E17: =SUM(C17:D17) -> 96607.5 | F17: =+F5+F8+F11+F14 -> 14188.05 | G17: =+G5+G8+G11+G14 -> 66511.65 | H17: =+H5+H8+H11+H14 -> 80699.7 | I17: =H17/E17 -> 0.83533577 | J17: 2782.75 | K17: =J17/$F$2 -> 0.99383929 | L17: 0.2842 | M17: =L17/$G$2 -> 0.94733333

Sheet Mecânicos
A1: Participantes | B1: Meta_Produtividade | C1: Meta_Eficiência | D1: 01 à 08/08 | F1: 10 à 15/08 | H1: 17 à 22/08 | J1: 24 à 31/08 | L1: Total
D2: Produtividade | E2: Eficiência | F2: Produtividade | G2: Eficiência | H2: Produtividade | I2: Eficiência | J2: Produtividade | K2: Eficiência | L2: Produtividade | M2: Eficiência
A3: Lucas | B3: 0.4 | C3: <120% | D3: 0.2002 | E3: 1.1696 | F3: 0.0361 | G3: 0.8616 | H3: 0.17 | I3: 1.0816 | J3: 0.2904 | K3: 0.9834 | L3: 0.1891 | M3: 1.0524

Sheet Gerente
A1: Partipantes | B1: Mês | C1: Serviços Total | D1: Peças Total | E1: Total | F1: Produtividade | G1: MB Peças
A2: Fabiano Nascimento | B2: 46235 | C2: 17565 | D2: 79042.5 | E2: =SUM(C2:D2) -> 96607.5 | F2: 0.4 | G2: 0.3
A4: Partipantes | B4: Semana | C4: Meta_Serviços | D4: Meta_Peças | E4: Total | F4: Realizado_Serviços | G4: Realizado_Peças | H4: Total | I4: % Faturamento | J4: Produtividade | K4: % Produtividade | L4: MB Peças | M4: %MB Peças
A5: Fabiano Nascimento | B5: 01 à 08/08 | C5: =$C$2/22.5*6 -> 4684 | D5: =$D$2/22.5*6 -> 21078 | E5: =SUM(C5:D5) -> 25762 | F5: =Consultores!F5 -> 5170.55 | G5: =Consultores!G5 -> 24699.79 | H5: =SUM(F5:G5) -> 29870.34 | I5: =H5/E5 -> 1.1594729 | J5: =Mecânicos!D3 -> 0.2002 | K5: =J5/$F$2 -> 0.5005 | L5: =Consultores!L5 -> 0.322 | M5: =L5/$G$2 -> 1.0733333
A7: Partipantes | B7: Semana | C7: Meta_Serviços | D7: Meta_Peças | E7: Total | F7: Realizado_Serviços | G7: Realizado_Peças | H7: Total | I7: % Faturamento | J7: Produtividade | K7: % Produtividade | L7: MB Peças | M7: %MB Peças
A8: Fabiano Nascimento | B8: 10 à 15/08 | C8: =$C$2/22.5*5.5 -> 4293.6667 | D8: =$D$2/22.5*5.5 -> 19321.5 | E8: =SUM(C8:D8) -> 23615.167 | F8: =Consultores!F8 -> 533.15 | G8: =Consultores!G8 -> 3123.9 | H8: =SUM(F8:G8) -> 3657.05 | I8: =H8/E8 -> 0.15486022 | J8: =Mecânicos!F3 -> 0.0361 | K8: =J8/$F$2 -> 0.09025 | L8: =Consultores!L8 -> 0.3889 | M8: =L8/$G$2 -> 1.2963333
E9: Total
A10: Partipantes | B10: Semana | C10: Meta_Serviços | D10: Meta_Peças | F10: Realizado_Serviços | G10: Realizado_Peças | H10: Total | I10: % Faturamento | J10: Produtividade | K10: % Produtividade | L10: MB Peças | M10: %MB Peças
A11: Fabiano Nascimento | B11: 17 à 22/08 | C11: =$C$2/22.5*5.5 -> 4293.6667 | D11: =$D$2/22.5*5.5 -> 19321.5 | E11: =SUM(C11:D11) -> 23615.167 | F11: =Consultores!F11 -> 2917.05 | G11: =Consultores!G11 -> 27669.83 | H11: =SUM(F11:G11) -> 30586.88 | I11: =H11/E11 -> 1.2952219 | J11: =Mecânicos!H3 -> 0.17 | K11: =J11/$F$2 -> 0.425 | L11: =Consultores!L11 -> 0.2623 | M11: =L11/$G$2 -> 0.87433333
A13: Partipantes | B13: Semana | C13: Meta_Serviços | D13: Meta_Peças | E13: Total | F13: Realizado_Serviços | G13: Realizado_Peças | H13: Total | I13: % Faturamento | J13: Produtividade | K13: % Produtividade | L13: MB Peças | M13: %MB Peças
A14: Fabiano Nascimento | B14: 24 à 31/08 | C14: =$C$2/22.5*5.5 -> 4293.6667 | D14: =$D$2/22.5*5.5 -> 19321.5 | E14: =SUM(C14:D14) -> 23615.167 | F14: =Consultores!F14 -> 5567.3 | G14: =Consultores!G14 -> 11018.13 | H14: =SUM(F14:G14) -> 16585.43 | I14: =H14/E14 -> 0.70232111 | J14: 0.2904 | K14: =J14/$F$2 -> 0.726 | L14: 0.2247 | M14: =L14/$G$2 -> 0.749
A16: Partipantes | B16: Mês | C16: Meta_Serviços | D16: Meta_Peças | E16: Total | F16: Realizado_Serviços | G16: Realizado_Peças | H16: Total | I16: % Faturamento | J16: Produtividade | K16: % Produtividade | L16: MB Peças | M16: %MB Peças
A17: Fabiano Nascimento | B17: 46235 | C17: =+C5+C8+C11+C14 -> 17565 | D17: =+D5+D8+D11+D14 -> 79042.5 | E17: =SUM(C17:D17) -> 96607.5 | F17: =+F5+F8+F11+F14 -> 14188.05 | G17: =+G5+G8+G11+G14 -> 66511.65 | H17: =+H5+H8+H11+H14 -> 80699.7 | I17: =H17/E17 -> 0.83533577 | J17: 0.1374 | K17: =J17/$F$2 -> 0.3435 | L17: 0.2842 | M17: =L17/$G$2 -> 0.94733333
