Workbook

Sheet Consultores
A1: Partipantes | B1: Mês | C1: Serviços Total | D1: Peças Total | E1: Total | F1: Ticket_Medio | G1: MB Peças
A2: William Chaves Anibal | B2: 46235 | C2: =199438*60% -> 119662.8 | D2: =797752*60% -> 478651.2 | E2: =SUM(C2:D2) -> 598314 | F2: 5000 | G2: 0.3
A3: Kaique Lins Batista | B3: 46235 | C3: =199438*40% -> 79775.2 | D3: =797752*40% -> 319100.8 | E3: =SUM(C3:D3) -> 398876 | F3: 5000 | G3: 0.3
A5: Partipantes | B5: Semana | C5: Meta_Serviços | D5: Meta_Peças | E5: Total | F5: Realizado_Serviços | G5: Realizado_Peças | H5: Total | I5: % Faturamento | J5: Ticket_Medio | K5: % Ticket | L5: MB Peças | M5: %MB Peças
A6: William Chaves Anibal | B6: 01 à 08/08 | C6: =$C$2/22.5*6 -> 31910.08 | D6: =$D$2/22.5*6 -> 127640.32 | E6: =SUM(C6:D6) -> 159550.4 | F6: 4939.42 | G6: 21140.91 | H6: =SUM(F6:G6) -> 26080.33 | I6: =H6/E6 -> 0.16346139 | J6: 3214.74 | K6: =J6/$F$2 -> 0.642948 | L6: 0.1712 | M6: =L6/$G$2 -> 0.57066667
A7: Kaique Lins Batista | B7: 01 à 08/08 | C7: =$C$3/22.5*6 -> 21273.387 | D7: =$D$3/22.5*6 -> 85093.547 | E7: =SUM(C7:D7) -> 106366.93 | F7: 0 | G7: 0 | H7: =SUM(F7:G7) -> 0 | I7: =H7/E7 -> 0 | J7: 5161.18 | K7: =J7/$F$3 -> 1.032236 | L7: 0.2201 | M7: =L7/$G$3 -> 0.73366667
A9: Partipantes | B9: Semana | C9: Meta_Serviços | D9: Meta_Peças | E9: Total | F9: Realizado_Serviços | G9: Realizado_Peças | H9: Total | I9: % Faturamento | J9: Ticket_Medio | K9: % Ticket | L9: MB Peças | M9: %MB Peças
A10: William Chaves Anibal | B10: 10 à 15/08 | C10: =$C$2/22.5*5.5 -> 29250.907 | D10: =$D$2/22.5*5.5 -> 117003.63 | E10: =SUM(C10:D10) -> 146254.53 | F10: 8020.17 | G10: 39678.35 | H10: =SUM(F10:G10) -> 47698.52 | I10: =H10/E10 -> 0.32613362 | J10: 3407.04 | K10: =J10/$F$3 -> 0.681408 | L10: 0.0733 | M10: =L10/$G$2 -> 0.24433333
A11: Kaique Lins Batista | B11: 10 à 15/08 | C11: =$C$3/22.5*5.5 -> 19500.604 | D11: =$D$3/22.5*5.5 -> 78002.418 | E11: =SUM(C11:D11) -> 97503.022 | F11: 17014.1 | G11: 67668.28 | H11: =SUM(F11:G11) -> 84682.38 | I11: =H11/E11 -> 0.86851031 | J11: 4981.32 | K11: =J11/$F$3 -> 0.996264 | L11: 0.276 | M11: =L11/$G$3 -> 0.92
E12: Total
A13: Partipantes | B13: Semana | C13: Meta_Serviços | D13: Meta_Peças | F13: Realizado_Serviços | G13: Realizado_Peças | H13: Total | I13: % Faturamento | J13: Ticket_Medio | K13: % Ticket | L13: MB Peças | M13: %MB Peças
A14: William Chaves Anibal | B14: 17 à 22/08 | C14: =$C$2/22.5*5.5 -> 29250.907 | D14: =$D$2/22.5*5.5 -> 117003.63 | E14: =SUM(C14:D14) -> 146254.53 | F14: 25262.5 | G14: 90410.21 | H14: =SUM(F14:G14) -> 115672.71 | I14: =H14/E14 -> 0.7909 | J14: 5915.56 | K14: =J14/$F$3 -> 1.183112 | L14: 0.2988 | M14: =L14/$G$3 -> 0.996
A15: Kaique Lins Batista | B15: 17 à 22/08 | C15: =$C$3/22.5*5.5 -> 19500.604 | D15: =$D$3/22.5*5.5 -> 78002.418 | E15: =SUM(C15:D15) -> 97503.022 | F15: 36378.5 | G15: 111450.21 | H15: =SUM(F15:G15) -> 147828.71 | I15: =H15/E15 -> 1.5161449 | J15: 3107.25 | K15: =J15/$F$3 -> 0.62145 | L15: 0.2859 | M15: =L15/$G$3 -> 0.953
A17: Partipantes | B17: Semana | C17: Meta_Serviços | D17: Meta_Peças | E17: Total | F17: Realizado_Serviços | G17: Realizado_Peças | H17: Total | I17: % Faturamento | J17: Ticket_Medio | K17: % Ticket | L17: MB Peças | M17: %MB Peças
A18: William Chaves Anibal | B18: 24 à 31/08 | C18: =$C$2/22.5*5.5 -> 29250.907 | D18: =$D$2/22.5*5.5 -> 117003.63 | E18: =SUM(C18:D18) -> 146254.53 | F18: 9610.5 | G18: 5361.34 | H18: =SUM(F18:G18) -> 14971.84 | I18: =H18/E18 -> 0.10236838 | J18: 2495.31 | K18: =J18/$F$3 -> 0.499062 | L18: 0.2727 | M18: =L18/$G$3 -> 0.909
A19: Kaique Lins Batista | B19: 24 à 31/08 | C19: =$C$3/22.5*5.5 -> 19500.604 | D19: =$D$3/22.5*5.5 -> 78002.418 | E19: =SUM(C19:D19) -> 97503.022 | F19: 52074.13 | G19: 186739.56 | H19: =SUM(F19:G19) -> 238813.69 | I19: =H19/E19 -> 2.4492953 | J19: 5824.72 | K19: =J19/$F$3 -> 1.164944 | L19: 0.2091 | M19: =L19/$G$3 -> 0.697
A21: Partipantes | B21: Mês | C21: Meta_Serviços | D21: Meta_Peças | E21: Total | F21: Realizado_Serviços | G21: Realizado_Peças | H21: Total | I21: % Faturamento | J21: Ticket_Medio | K21: % Ticket | L21: MB Peças | M21: %MB Peças
A22: William Chaves Anibal | B22: 46235 | C22: =C6+C10+C14+C18 -> 119662.8 | D22: =D6+D10+D14+D18 -> 478651.2 | E22: =SUM(C22:D22) -> 598314 | F22: =F6+F10+F14+F18 -> 47832.59 | G22: =G6+G10+G14+G18 -> 156590.81 | H22: =H6+H10+H14+H18 -> 204423.4 | I22: =H22/E22 -> 0.34166575 | J22: 4258.82 | K22: =J22/$F$3 -> 0.851764 | L22: 0.2438 | M22: =L22/$G$3 -> 0.81266667
A23: Kaique Lins Batista | B23: 46235 | C23: =C7+C11+C15+C19 -> 79775.2 | D23: =D7+D11+D15+D19 -> 319100.8 | E23: =SUM(C23:D23) -> 398876 | F23: =F7+F11+F15+F19 -> 105466.73 | G23: =G7+G11+G15+G19 -> 365858.05 | H23: =H7+H11+H15+H19 -> 471324.78 | I23: =H23/E23 -> 1.1816323 | J23: 4620.83 | K23: =J23/$F$3 -> 0.924166 | L23: 0.2448 | M23: =L23/$G$3 -> 0.816

Sheet Chefe de oficina
A1: Participante | B1: Produtividade | C1: Faturamento | D1: 01 à 08/08 | E1: 10 à 15/08 | F1: 17 à 22/08 | G1: 24 à 31/08
A2: Danilo | B2: 0.58 | C2: 199438 | D2: =$C$2/22.5*6 -> 53183.467 | E2: =$C$2/22.5*5.5 -> 48751.511 | F2: =$C$2/22.5*5.5 -> 48751.511 | G2: =$C$2/22.5*5.5 -> 48751.511
B5: 01 à 08/08 | C5: % da meta | D5: 10 à 15/08 | E5: % da meta | F5: 17 à 22/08 | G5: % da meta | H5: 24 à 31/08 | I5: % da meta | J5: Total | K5: % da meta
A6: Produtividade | B6: 0.0631 | D6: 0.5209 | F6: 0.7861 | H6: 0.5796 | J6: 0.4989 | K6: =J6/B2 -> 0.86017241
A7: Faturamento | B7: =Consultores!F6+Consultores!F7 -> 4939.42 | C7: =B7/D2 -> 0.092875104 | D7: =Consultores!F10+Consultores!F11 -> 25034.27 | E7: =D7/E2 -> 0.51350757 | F7: =Consultores!F14+Consultores!F15 -> 61641 | G7: =F7/F2 -> 1.2643916 | H7: =Consultores!F18+Consultores!F19 -> 61684.63 | I7: =H7/G2 -> 1.2652865 | J7: =B7+D7+F7+H7 -> 153299.32 | K7: =J7/C2 -> 0.76865652

Sheet Mecânicos
A1: Participantes | B1: Meta_Produtividade | C1: Meta_Eficiência | D1: 01 à 08/08 | F1: 10 à 15/08 | H1: 17 à 22/08 | J1: 24 à 31/08 | L1: Total
D2: Produtividade | E2: Eficiência | F2: Produtividade | G2: Eficiência | H2: Produtividade | I2: Eficiência | J2: Produtividade | K2: Eficiência | L2: Produtividade | M2: Eficiência
A3: Pedro Tiago Figueiredo da Cunha | B3: 0.58 | C3: <120% | D3: 0 | E3: 0 | F3: 2.4675 | G3: 0.7842 | H3: 0.4018 | I3: 0.8899 | J3: 0.285 | K3: 0.7987 | L3: 0.3759 | M3: 0.8305
A4: Nathan Henrique Vilhalva | B4: 0.58 | C4: <120% | D4: 0.0624 | E4: 0.3425 | F4: 0.2967 | G4: 0.9335 | H4: 0.9174 | I4: 0.7185 | J4: 0.4677 | K4: 0.6038 | L4: 0.3831 | M4: 0.7001
A5: Yan Ferreira Braga | B5: 0.58 | C5: <120% | D5: 0.1785 | E5: 0.8787 | F5: 0.2705 | G5: 1.116 | H5: 0.8198 | I5: 0.9695 | J5: 0.4612 | K5: 0.5893 | L5: 0.4494 | M5: 0.8185
A6: Evandro da Silva Dias Pinheiro | B6: 0.58 | C6: <120% | D6: 0 | E6: 0 | F6: 0.3755 | G6: 0.8384 | H6: 0.8289 | I6: 1.0694 | J6: 0.4059 | K6: 0.7679 | L6: 0.4094 | M6: 0.9515
A7: Fernando Henrique Guimaraes Silva | B7: 0.58 | C7: <120% | D7: 0.0481 | E7: 0.9913 | F7: 0.3353 | G7: 0.9375 | H7: 0.7781 | I7: 1.0461 | J7: 0.7902 | K7: 1.0111 | L7: 0.5093 | M7: 0.9888
A8: Thiago Neres Ramires | B8: 0.58 | C8: <120% | D8: 0.0652 | E8: 1.0627 | F8: férias | G8: férias | H8: 2.4675 | I8: 0.9747 | J8: 0.0941 | K8: 0.3947 | L8: 0.367 | M8: 0.7937

Sheet Gerente
A1: Partipantes | B1: Mês | C1: Serviços Total | D1: Peças Total | E1: Total | F1: Produtividade | G1: MB Peças
A2: Joao Francisco de Freitas | B2: 46235 | C2: 199438 | D2: 797752 | E2: =SUM(C2:D2) -> 997190 | F2: 0.58 | G2: 0.3
A4: Partipantes | B4: Semana | C4: Meta_Serviços | D4: Meta_Peças | E4: Total | F4: Realizado_Serviços | G4: Realizado_Peças | H4: Total | I4: % Faturamento | J4: Produtividade | K4: % Produtividade | L4: MB Peças | M4: %MB Peças
A5: Joao Francisco de Freitas | B5: 01 à 08/08 | C5: =$C$2/22.5*6 -> 53183.467 | D5: =$D$2/22.5*6 -> 212733.87 | E5: =SUM(C5:D5) -> 265917.33 | F5: =Consultores!F6+Consultores!F7 -> 4939.42 | G5: =Consultores!G6+Consultores!G7 -> 21140.91 | H5: =SUM(F5:G5) -> 26080.33 | I5: =H5/E5 -> 0.098076833 | J5: ='Chefe de oficina'!B6 -> 0.0631 | K5: =J5/$F$2 -> 0.1087931 | L5: 0.1836 | M5: =L5/$G$2 -> 0.612
A7: Partipantes | B7: Semana | C7: Meta_Serviços | D7: Meta_Peças | E7: Total | F7: Realizado_Serviços | G7: Realizado_Peças | H7: Total | I7: % Faturamento | J7: Produtividade | K7: % Produtividade | L7: MB Peças | M7: %MB Peças
A8: Joao Francisco de Freitas | B8: 10 à 15/08 | C8: =$C$2/22.5*5.5 -> 48751.511 | D8: =$D$2/22.5*5.5 -> 195006.04 | E8: =SUM(C8:D8) -> 243757.56 | F8: =Consultores!F10+Consultores!F11 -> 25034.27 | G8: =Consultores!G10+Consultores!G11 -> 107346.63 | H8: =SUM(F8:G8) -> 132380.9 | I8: =H8/E8 -> 0.54308429 | J8: ='Chefe de oficina'!D6 -> 0.5209 | K8: =J8/$F$2 -> 0.89810345 | L8: 0.2011 | M8: =L8/$G$2 -> 0.67033333
E9: Total
A10: Partipantes | B10: Semana | C10: Meta_Serviços | D10: Meta_Peças | F10: Realizado_Serviços | G10: Realizado_Peças | H10: Total | I10: % Faturamento | J10: Produtividade | K10: % Produtividade | L10: MB Peças | M10: %MB Peças
A11: Joao Francisco de Freitas | B11: 17 à 22/08 | C11: =$C$2/22.5*5.5 -> 48751.511 | D11: =$D$2/22.5*5.5 -> 195006.04 | E11: =SUM(C11:D11) -> 243757.56 | F11: =Consultores!F14+Consultores!F15 -> 61641 | G11: =Consultores!G14+Consultores!G15 -> 201860.42 | H11: =SUM(F11:G11) -> 263501.42 | I11: =H11/E11 -> 1.080998 | J11: ='Chefe de oficina'!F6 -> 0.7861 | K11: =J11/$F$2 -> 1.3553448 | L11: 0.2916 | M11: =L11/$G$2 -> 0.972
A13: Partipantes | B13: Semana | C13: Meta_Serviços | D13: Meta_Peças | E13: Total | F13: Realizado_Serviços | G13: Realizado_Peças | H13: Total | I13: % Faturamento | J13: Produtividade | K13: % Produtividade | L13: MB Peças | M13: %MB Peças
A14: Joao Francisco de Freitas | B14: 24 à 31/08 | C14: =$C$2/22.5*5.5 -> 48751.511 | D14: =$D$2/22.5*5.5 -> 195006.04 | E14: =SUM(C14:D14) -> 243757.56 | F14: =Consultores!F18+Consultores!F19 -> 61684.63 | G14: =Consultores!G18+Consultores!G19 -> 192100.9 | H14: =SUM(F14:G14) -> 253785.53 | I14: =H14/E14 -> 1.0411391 | J14: ='Chefe de oficina'!H6 -> 0.5796 | K14: =J14/$F$2 -> 0.99931034 | L14: 0.2108 | M14: =L14/$G$2 -> 0.70266667
A16: Partipantes | B16: Semana | C16: Meta_Serviços | D16: Meta_Peças | E16: Total | F16: Realizado_Serviços | G16: Realizado_Peças | H16: Total | I16: % Faturamento | J16: Produtividade | K16: % Produtividade | L16: MB Peças | M16: %MB Peças
A17: Joao Francisco de Freitas | B17: 46235 | C17: =+C5+C8+C11+C14 -> 199438 | D17: =+D5+D8+D11+D14 -> 797752 | E17: =SUM(C17:D17) -> 997190 | F17: =+F5+F8+F11+F14 -> 153299.32 | G17: =+G5+G8+G11+G14 -> 522448.86 | H17: =SUM(F17:G17) -> 675748.18 | I17: =H17/E17 -> 0.67765238 | J17: ='Chefe de oficina'!J6 -> 0.4989 | K17: =J17/$F$2 -> 0.86017241 | L17: 0.2445 | M17: =L17/$G$2 -> 0.815

Sheet Apontador
A1: Participante | B1: 01 à 08/08 | C1: 10 à 15/08 | D1: 17 à 22/08 | E1: 24 À 31/08 | F1: Total Meta
A2: Geovana | B2: 200 | C2: 200 | D2: 200 | E2: 200 | F2: 600
A4: Focado na conformidade dos processos internos (70% conformidade de apontamento com mínimo de 95% de acerto e 30% suporte à produtividade)
