Workbook

Sheet Consultores
A1: Partipantes | B1: Mês | C1: Serviços Total | D1: Peças Total | E1: Total | F1: Ticket_Medio | G1: MB Peças
A2: Consultor Três Lagoas | B2: 46235 | C2: 92916 | D2: 371664 | E2: =SUM(C2:D2) -> 464580 | F2: 4500 | G2: 0.3
A4: Partipantes | B4: Semana | C4: Meta_Serviços | D4: Meta_Peças | E4: Total | F4: Realizado_Serviços | G4: Realizado_Peças | H4: Total | I4: % Faturamento | J4: Ticket_Medio | K4: % Ticket | L4: MB Peças | M4: %MB Peças
A5: Consultor Três Lagoas | B5: 01 à 08/08 | C5: =$C$2/22.5*6 -> 24777.6 | D5: =$D$2/22.5*6 -> 99110.4 | E5: =SUM(C5:D5) -> 123888 | F5: 6331.4 | G5: 45652.68 | H5: =SUM(F5:G5) -> 51984.08 | I5: =H5/E5 -> 0.41960545 | J5: 4052.62 | K5: =J5/$F$2 -> 0.90058222 | L5: 0.3796 | M5: =L5/$G$2 -> 1.2653333
A7: Partipantes | B7: Semana | C7: Meta_Serviços | D7: Meta_Peças | E7: Total | F7: Realizado_Serviços | G7: Realizado_Peças | H7: Total | I7: % Faturamento | J7: Ticket_Medio | K7: % Ticket | L7: MB Peças | M7: %MB Peças
A8: Consultor Três Lagoas | B8: 10 à 15/08 | C8: =$C$2/22.5*5.5 -> 22712.8 | D8: =$D$2/22.5*5.5 -> 90851.2 | E8: =SUM(C8:D8) -> 113564 | F8: 19055.67 | G8: 84264.56 | H8: =SUM(F8:G8) -> 103320.23 | I8: =H8/E8 -> 0.90979738 | J8: 5740.01 | K8: =J8/$F$2 -> 1.2755578 | L8: 0.2883 | M8: =L8/$G$2 -> 0.961
E9: Total
A10: Partipantes | B10: Semana | C10: Meta_Serviços | D10: Meta_Peças | F10: Realizado_Serviços | G10: Realizado_Peças | H10: Total | I10: % Faturamento | J10: Ticket_Medio | K10: % Ticket | L10: MB Peças | M10: %MB Peças
A11: Consultor Três Lagoas | B11: 17 à 22/08 | C11: =$C$2/22.5*5.5 -> 22712.8 | D11: =$D$2/22.5*5.5 -> 90851.2 | E11: =SUM(C11:D11) -> 113564 | F11: 20084.8 | G11: 147713.58 | H11: =SUM(F11:G11) -> 167798.38 | I11: =H11/E11 -> 1.4775667 | J11: 7644.54 | K11: =J11/$F$2 -> 1.6987867 | L11: 0.256 | M11: =L11/$G$2 -> 0.85333333
A13: Partipantes | B13: Semana | C13: Meta_Serviços | D13: Meta_Peças | E13: Total | F13: Realizado_Serviços | G13: Realizado_Peças | H13: Total | I13: % Faturamento | J13: Ticket_Medio | K13: % Ticket | L13: MB Peças | M13: %MB Peças
A14: Consultor Três Lagoas | B14: 24 à 31/08 | C14: =$C$2/22.5*5.5 -> 22712.8 | D14: =$D$2/22.5*5.5 -> 90851.2 | E14: =SUM(C14:D14) -> 113564 | F14: 33637.37 | G14: 118610.56 | H14: =SUM(F14:G14) -> 152247.93 | I14: =H14/E14 -> 1.3406355 | J14: 3624.95 | K14: =J14/$F$2 -> 0.80554444 | L14: 0.2237 | M14: =L14/$G$2 -> 0.74566667
A16: Partipantes | B16: Mês | C16: Meta_Serviços | D16: Meta_Peças | E16: Total | F16: Realizado_Serviços | G16: Realizado_Peças | H16: Total | I16: % Faturamento | J16: Ticket_Medio | K16: % Ticket | L16: MB Peças | M16: %MB Peças
A17: Consultor Três Lagoas | B17: 46235 | C17: =+C5+C8+C11+C14 -> 92916 | D17: =+D5+D8+D11+D14 -> 371664 | E17: =SUM(C17:D17) -> 464580 | F17: =+F5+F8+F11+F14 -> 79109.24 | G17: =+G5+G8+G11+G14 -> 396241.38 | H17: =+H5+H8+H11+H14 -> 475350.62 | I17: =H17/E17 -> 1.0231836 | J17: 5446.63 | K17: =J17/$F$2 -> 1.2103622 | L17: 0.2663 | M17: =L17/$G$2 -> 0.88766667

Sheet Chefe de oficina
A1: Participante | B1: Produtividade | C1: Faturamento | D1: 01 à 08/08 | E1: 10 à 15/08 | F1: 17 à 22/08 | G1: 24 à 31/08
A2: Willian Plaza | B2: 0.55 | C2: 92916 | D2: =$C$2/22.5*6 -> 24777.6 | E2: =$C$2/22.5*5.5 -> 22712.8 | F2: =$C$2/22.5*5.5 -> 22712.8 | G2: =$C$2/22.5*5.5 -> 22712.8
B5: 01 à 08/08 | C5: % da meta | D5: 10 à 15/08 | E5: % da meta | F5: 17 à 22/08 | G5: % da meta | H5: 24 à 31/08 | I5: % da meta | J5: Total | K5: % da meta
A6: Produtividade | B6: 0.0872 | D6: 0.427 | F6: 0.6573 | H6: 0.6763 | J6: 0.4471 | K6: =J6/B2 -> 0.81290909
A7: Faturamento | B7: =Consultores!F5 -> 6331.4 | C7: =B7/D2 -> 0.25552919 | D7: =Consultores!F8 -> 19055.67 | E7: =D7/E2 -> 0.83898374 | F7: =Consultores!F11 -> 20084.8 | G7: =F7/F2 -> 0.88429432 | H7: =Consultores!F14 -> 33637.37 | I7: =H7/G2 -> 1.4809874 | J7: =B7+D7+F7+H7 -> 79109.24 | K7: =J7/C2 -> 0.851406

Sheet Mecânicos
A1: Participantes | B1: Meta_Produtividade | C1: Meta_Eficiência | D1: 01 à 08/08 | F1: 10 à 15/08 | H1: 17 à 22/08 | J1: 24 à 31/08 | L1: Total
D2: Produtividade | E2: Eficiência | F2: Produtividade | G2: Eficiência | H2: Produtividade | I2: Eficiência | J2: Produtividade | K2: Eficiência | L2: Produtividade | M2: Eficiência
A3: Geovam Augusto da Silva | B3: 0.55 | C3: <120% | D3: 0.1477 | E3: 1.0769 | F3: 0.7591 | G3: 0.9844 | H3: 0.6943 | I3: 2.0232 | J3: 1.1398 | K3: 0.9524 | L3: 0.7011 | M3: 1.1149
A4: Willian de Souza Plaza | B4: 0.55 | C4: <120% | D4: 0.0266 | E4: 0.8547 | F4: 0.0741 | G4: 2.0859 | H4: 0.3427 | I4: 1.3976 | J4: 0.1837 | K4: 0.6618 | L4: 0.1763 | M4: 1.0938

Sheet Gerente
A1: Partipantes | B1: Mês | C1: Serviços Total | D1: Peças Total | E1: Total | F1: Produtividade | G1: MB Peças
A2: Elias Vaz Aguero | B2: 46235 | C2: 92916 | D2: 371664 | E2: =SUM(C2:D2) -> 464580 | F2: 0.55 | G2: 0.3
A4: Partipantes | B4: Semana | C4: Meta_Serviços | D4: Meta_Peças | E4: Total | F4: Realizado_Serviços | G4: Realizado_Peças | H4: Total | I4: % Faturamento | J4: Produtividade | K4: % Produtividade | L4: MB Peças | M4: %MB Peças
A5: Elias Vaz Aguero | B5: 01 à 08/08 | C5: =$C$2/22.5*6 -> 24777.6 | D5: =$D$2/22.5*6 -> 99110.4 | E5: =SUM(C5:D5) -> 123888 | F5: =Consultores!F5 -> 6331.4 | G5: =Consultores!G5 -> 45652.68 | H5: =SUM(F5:G5) -> 51984.08 | I5: =H5/E5 -> 0.41960545 | J5: ='Chefe de oficina'!B6 -> 0.0872 | K5: =J5/$F$2 -> 0.15854545 | L5: =Consultores!L5 -> 0.3796 | M5: =L5/$G$2 -> 1.2653333
A7: Partipantes | B7: Semana | C7: Meta_Serviços | D7: Meta_Peças | E7: Total | F7: Realizado_Serviços | G7: Realizado_Peças | H7: Total | I7: % Faturamento | J7: Produtividade | K7: % Produtividade | L7: MB Peças | M7: %MB Peças
A8: Elias Vaz Aguero | B8: 10 à 15/08 | C8: =$C$2/22.5*5.5 -> 22712.8 | D8: =$D$2/22.5*5.5 -> 90851.2 | E8: =SUM(C8:D8) -> 113564 | F8: =Consultores!F8 -> 19055.67 | G8: =Consultores!G8 -> 84264.56 | H8: =SUM(F8:G8) -> 103320.23 | I8: =H8/E8 -> 0.90979738 | J8: ='Chefe de oficina'!D6 -> 0.427 | K8: =J8/$F$2 -> 0.77636364 | L8: =Consultores!L8 -> 0.2883 | M8: =L8/$G$2 -> 0.961
E9: Total
A10: Partipantes | B10: Semana | C10: Meta_Serviços | D10: Meta_Peças | F10: Realizado_Serviços | G10: Realizado_Peças | H10: Total | I10: % Faturamento | J10: Produtividade | K10: % Produtividade | L10: MB Peças | M10: %MB Peças
A11: Elias Vaz Aguero | B11: 17 à 22/08 | C11: =$C$2/22.5*5.5 -> 22712.8 | D11: =$D$2/22.5*5.5 -> 90851.2 | E11: =SUM(C11:D11) -> 113564 | F11: =Consultores!F11 -> 20084.8 | G11: =Consultores!G11 -> 147713.58 | H11: =SUM(F11:G11) -> 167798.38 | I11: =H11/E11 -> 1.4775667 | J11: ='Chefe de oficina'!F6 -> 0.6573 | K11: =J11/$F$2 -> 1.1950909 | L11: =Consultores!L11 -> 0.256 | M11: =L11/$G$2 -> 0.85333333
A13: Partipantes | B13: Semana | C13: Meta_Serviços | D13: Meta_Peças | E13: Total | F13: Realizado_Serviços | G13: Realizado_Peças | H13: Total | I13: % Faturamento | J13: Produtividade | K13: % Produtividade | L13: MB Peças | M13: %MB Peças
A14: Elias Vaz Aguero | B14: 24 à 31/08 | C14: =$C$2/22.5*5.5 -> 22712.8 | D14: =$D$2/22.5*5.5 -> 90851.2 | E14: =SUM(C14:D14) -> 113564 | F14: =Consultores!F14 -> 33637.37 | G14: =Consultores!G14 -> 118610.56 | H14: =SUM(F14:G14) -> 152247.93 | I14: =H14/E14 -> 1.3406355 | J14: ='Chefe de oficina'!H6 -> 0.6763 | K14: =J14/$F$2 -> 1.2296364 | L14: =Consultores!L14 -> 0.2237 | M14: =L14/$G$2 -> 0.74566667
A16: Partipantes | B16: Mês | C16: Meta_Serviços | D16: Meta_Peças | E16: Total | F16: Realizado_Serviços | G16: Realizado_Peças | H16: Total | I16: % Faturamento | J16: Produtividade | K16: % Produtividade | L16: MB Peças | M16: %MB Peças
A17: Elias Vaz Aguero | B17: 46235 | C17: =+C5+C8+C11+C14 -> 92916 | D17: =+D5+D8+D11+D14 -> 371664 | E17: =SUM(C17:D17) -> 464580 | F17: =+F5+F8+F11+F14 -> 79109.24 | G17: =+G5+G8+G11+G14 -> 396241.38 | H17: =+H5+H8+H11+H14 -> 475350.62 | I17: =H17/E17 -> 1.0231836 | J17: ='Chefe de oficina'!J6 -> 0.4471 | K17: =J17/$F$2 -> 0.81290909 | L17: =Consultores!L17 -> 0.2663 | M17: =L17/$G$2 -> 0.88766667
